Review,Sentiment
I love this product,positive
Worst experience ever,negative
"It was fine, nothing great",neutral
Absolutely fantastic! I’ll buy again,positive
Not worth the money,negative
Just okay,neutral
The service was excellent,positive
Terrible quality,negative
Mediocre and boring,neutral
Super happy with the results,positive
Very bad support,negative
Average performance,neutral
Great build quality and value,positive
Disappointed with the purchase,negative
Satisfactory,neutral
Exceeded expectations!,positive
Broke after one use,negative
Nothing special,neutral
Loved it!,positive
Will not recommend,negative
I love this product,positive
Worst experience ever,negative
"It was fine, nothing great",neutral
Absolutely fantastic! I’ll buy again,positive
Not worth the money,negative
Just okay,neutral
The service was excellent,positive
Terrible quality,negative
Mediocre and boring,neutral
Super happy with the results,positive
Very bad support,negative
Average performance,neutral
Great build quality and value,positive
Disappointed with the purchase,negative
Satisfactory,neutral
Exceeded expectations!,positive
Broke after one use,negative
Nothing special,neutral
Loved it!,positive
Will not recommend,negative
I love this product,positive
Worst experience ever,negative
"It was fine, nothing great",neutral
Absolutely fantastic! I’ll buy again,positive
Not worth the money,negative
Just okay,neutral
The service was excellent,positive
Terrible quality,negative
Mediocre and boring,neutral
Super happy with the results,positive
Very bad support,negative
Average performance,neutral
Great build quality and value,positive
Disappointed with the purchase,negative
Satisfactory,neutral
Exceeded expectations!,positive
Broke after one use,negative
Nothing special,neutral
Loved it!,positive
Will not recommend,negative
I love this product,positive
Worst experience ever,negative
"It was fine, nothing great",neutral
Absolutely fantastic! I’ll buy again,positive
Not worth the money,negative
Just okay,neutral
The service was excellent,positive
Terrible quality,negative
Mediocre and boring,neutral
Super happy with the results,positive
Very bad support,negative
Average performance,neutral
Great build quality and value,positive
Disappointed with the purchase,negative
Satisfactory,neutral
Exceeded expectations!,positive
Broke after one use,negative
Nothing special,neutral
Loved it!,positive
Will not recommend,negative
I love this product,positive
Worst experience ever,negative
"It was fine, nothing great",neutral
Absolutely fantastic! I’ll buy again,positive
Not worth the money,negative
Just okay,neutral
The service was excellent,positive
Terrible quality,negative
Mediocre and boring,neutral
Super happy with the results,positive
Very bad support,negative
Average performance,neutral
Great build quality and value,positive
Disappointed with the purchase,negative
Satisfactory,neutral
Exceeded expectations!,positive
Broke after one use,negative
Nothing special,neutral
Loved it!,positive
Will not recommend,negative
I love this product,positive
Worst experience ever,negative
"It was fine, nothing great",neutral
Absolutely fantastic! I’ll buy again,positive
Not worth the money,negative
Just okay,neutral
The service was excellent,positive
Terrible quality,negative
Mediocre and boring,neutral
Super happy with the results,positive
Very bad support,negative
Average performance,neutral
Great build quality and value,positive
Disappointed with the purchase,negative
Satisfactory,neutral
Exceeded expectations!,positive
Broke after one use,negative
Nothing special,neutral
Loved it!,positive
Will not recommend,negative
I love this product,positive
Worst experience ever,negative
"It was fine, nothing great",neutral
Absolutely fantastic! I’ll buy again,positive
Not worth the money,negative
Just okay,neutral
The service was excellent,positive
Terrible quality,negative
Mediocre and boring,neutral
Super happy with the results,positive
Very bad support,negative
Average performance,neutral
Great build quality and value,positive
Disappointed with the purchase,negative
Satisfactory,neutral
Exceeded expectations!,positive
Broke after one use,negative
Nothing special,neutral
Loved it!,positive
Will not recommend,negative
I love this product,positive
Worst experience ever,negative
"It was fine, nothing great",neutral
Absolutely fantastic! I’ll buy again,positive
Not worth the money,negative
Just okay,neutral
The service was excellent,positive
Terrible quality,negative
Mediocre and boring,neutral
Super happy with the results,positive
Very bad support,negative
Average performance,neutral
Great build quality and value,positive
Disappointed with the purchase,negative
Satisfactory,neutral
Exceeded expectations!,positive
Broke after one use,negative
Nothing special,neutral
Loved it!,positive
Will not recommend,negative
I love this product,positive
Worst experience ever,negative
"It was fine, nothing great",neutral
Absolutely fantastic! I’ll buy again,positive
Not worth the money,negative
Just okay,neutral
The service was excellent,positive
Terrible quality,negative
Mediocre and boring,neutral
Super happy with the results,positive
Very bad support,negative
Average performance,neutral
Great build quality and value,positive
Disappointed with the purchase,negative
Satisfactory,neutral
Exceeded expectations!,positive
Broke after one use,negative
Nothing special,neutral
Loved it!,positive
Will not recommend,negative
I love this product,positive
Worst experience ever,negative
"It was fine, nothing great",neutral
Absolutely fantastic! I’ll buy again,positive
Not worth the money,negative
Just okay,neutral
The service was excellent,positive
Terrible quality,negative
Mediocre and boring,neutral
Super happy with the results,positive
Very bad support,negative
Average performance,neutral
Great build quality and value,positive
Disappointed with the purchase,negative
Satisfactory,neutral
Exceeded expectations!,positive
Broke after one use,negative
Nothing special,neutral
Loved it!,positive
Will not recommend,negative
